gene,aa_change,linked_group,drug,who_status,reference,note
PF3D7_0523000,N86Y,,chloroquine,drug_resistance,https://www.who.int/publications/i/item/9789240012813,
PF3D7_0523000,Y184F,,chloroquine,drug_resistance,https://www.who.int/publications/i/item/9789240012813,
PF3D7_0523000,S1034C,,chloroquine,drug_resistance,https://www.who.int/publications/i/item/9789240012813,
PF3D7_0523000,N1042D,,chloroquine,drug_resistance,https://www.who.int/publications/i/item/9789240012813,
PF3D7_0523000,D1246Y,,chloroquine,drug_resistance,https://www.who.int/publications/i/item/9789240012813,
PF3D7_0709000,C72S,,chloroquine,drug_resistance,https://www.who.int/publications/i/item/9789240012813,
PF3D7_0709000,M74I,,chloroquine,drug_resistance,https://www.who.int/publications/i/item/9789240012813,Independent single-SNP route to M74I (403620 G>T) -- distinct from the linked crt_72_76_indel group.
PF3D7_0709000,K76T,,chloroquine,drug_resistance,https://www.who.int/publications/i/item/9789240012813,
PF3D7_0709000,A220S,,chloroquine,drug_resistance,https://www.who.int/publications/i/item/9789240012813,
PF3D7_0709000,Q271E,,chloroquine,drug_resistance,https://www.who.int/publications/i/item/9789240012813,
PF3D7_0709000,N326S,,chloroquine,drug_resistance,https://www.who.int/publications/i/item/9789240012813,
PF3D7_0709000,I356T,,chloroquine,drug_resistance,https://www.who.int/publications/i/item/9789240012813,
PF3D7_0709000,R371I,,chloroquine,drug_resistance,https://www.who.int/publications/i/item/9789240012813,
PF3D7_0417200,N51I,,pyrimethamine,drug_resistance,https://www.who.int/publications/i/item/9789240012813,
PF3D7_0417200,C59R,,pyrimethamine,drug_resistance,https://www.who.int/publications/i/item/9789240012813,
PF3D7_0417200,S108N,,pyrimethamine,drug_resistance,https://www.who.int/publications/i/item/9789240012813,
PF3D7_0417200,I164L,,pyrimethamine,drug_resistance,https://www.who.int/publications/i/item/9789240012813,
PF3D7_0810800,I431V,,sulfadoxine,drug_resistance,https://www.who.int/publications/i/item/9789240012813,
PF3D7_0810800,S436A,,sulfadoxine,drug_resistance,https://www.who.int/publications/i/item/9789240012813,
PF3D7_0810800,S436F,,sulfadoxine,drug_resistance,https://www.who.int/publications/i/item/9789240012813,
PF3D7_0810800,K540E,,sulfadoxine,drug_resistance,https://www.who.int/publications/i/item/9789240012813,
PF3D7_0810800,A581G,,sulfadoxine,drug_resistance,https://www.who.int/publications/i/item/9789240012813,
PF3D7_0810800,A613S,,sulfadoxine,drug_resistance,https://www.who.int/publications/i/item/9789240012813,
PF3D7_0810800,A613T,,sulfadoxine,drug_resistance,https://www.who.int/publications/i/item/9789240012813,
PF3D7_1343700,F446I,,artemisinin,drug_resistance,https://www.who.int/publications/i/item/9789240012813,
PF3D7_1343700,N458Y,,artemisinin,drug_resistance,https://www.who.int/publications/i/item/9789240012813,
PF3D7_1343700,C469Y,,artemisinin,drug_resistance,https://www.who.int/publications/i/item/9789240012813,
PF3D7_1343700,M476I,,artemisinin,drug_resistance,https://www.who.int/publications/i/item/9789240012813,
PF3D7_1343700,Y493H,,artemisinin,drug_resistance,https://www.who.int/publications/i/item/9789240012813,
PF3D7_1343700,R539T,,artemisinin,drug_resistance,https://www.who.int/publications/i/item/9789240012813,
PF3D7_1343700,I543T,,artemisinin,drug_resistance,https://www.who.int/publications/i/item/9789240012813,
PF3D7_1343700,P553L,,artemisinin,drug_resistance,https://www.who.int/publications/i/item/9789240012813,
PF3D7_1343700,R561H,,artemisinin,drug_resistance,https://www.who.int/publications/i/item/9789240012813,
PF3D7_1343700,C580Y,,artemisinin,drug_resistance,https://www.who.int/publications/i/item/9789240012813,
PF3D7_1343700,A675V,,artemisinin,drug_resistance,https://www.who.int/publications/i/item/9789240012813,
PF3D7_0709000,M74I,crt_72_76_indel,chloroquine,drug_resistance,https://www.who.int/publications/i/item/9789240012813,Component of linked crt indel pair (403618 ins + 403622 del). CONFIRMED via real sample genotype data -- only report combined with N75E below.
PF3D7_0709000,N75E,crt_72_76_indel,chloroquine,drug_resistance,https://www.who.int/publications/i/item/9789240012813,Component of linked crt indel pair (403618 ins + 403622 del). CONFIRMED via real sample genotype data -- only report combined with M74I above.
