gene,aa_change,linked_group,chrom,pos,nt_change,musca_equivalent,insecticide_class,resistance_to,marker_type,reference,note
VGSC,V402L,,AgamP4_2L,2391228,G>C/T,V410L,Type I and II pyrethroids; DDT,pyrethroid; DDT,target_site,"User-supplied genomic table; refs [19,63]","CONFIRMED genomic position. Resolves earlier ambiguity -- use V402L (An. gambiae native numbering), not V410L (Musca domestica numbering), if your annotation uses native AGAP numbering."
VGSC,L995F,,AgamP4_2L,2422652,A>T,L1014F,Type I and II pyrethroids; DDT,pyrethroid; DDT,target_site,"User-supplied genomic table; refs [55,56,61]","CONFIRMED. This is the classic kdr-west mutation, native-numbered 995F here (vs 'L1014F' Musca numbering used in much literature -- same mutation, do not double-count)."
VGSC,L995S,,AgamP4_2L,2422652,A>C/G,L1014S,Type I and II pyrethroids; DDT,pyrethroid; DDT,target_site,"User-supplied table gave nt for 995F only; 995S inferred as the alternative allele at the same codon/position per separate literature -- POSITION INFERRED, not independently confirmed at this specific nt value. Verify alt allele (A>C or A>G) against your own VCF before trusting.","Alternative allele to L995F at the same codon, mutually exclusive (kdr-east)."
VGSC,F1525L,,AgamP4_2L,2429612,C>A,F1530L,Deltamethrin; Permethrin (likely, not explicit in source),pyrethroid,target_site,"User-supplied genomic table",CONFIRMED genomic position. New marker not in earlier search-derived version.
VGSC,I1527T,,AgamP4_2L,2429617,T>C,I1532T,Deltamethrin; Permethrin,pyrethroid,target_site,"User-supplied genomic table; refs [38]","CONFIRMED. Matches the I1527T marker from the second user-supplied table -- consistent across sources, no conflict."
VGSC,F1529C,,AgamP4_2L,2429623,T>G,F1534C,Pyrethroid (likely, not explicit in source),pyrethroid,target_site,"User-supplied genomic table",CONFIRMED genomic position. New marker not in earlier search-derived version.
VGSC,N1570Y,super_kdr_native,AgamP4_2L,2429745,A>T,N1575Y,Type I and II pyrethroids; DDT,pyrethroid; DDT,target_site,"User-supplied genomic table; refs [62]","CONFIRMED. This is 'super-kdr', native-numbered 1570Y here (vs N1575Y Musca numbering -- same mutation). Component of the super-kdr combination -- only confers strong added resistance combined with L995F."
VGSC,L995F,super_kdr_native,AgamP4_2L,2422652,A>T,L1014F,Type I and II pyrethroids; DDT,pyrethroid; DDT,target_site,"User-supplied genomic table; refs [55,56,61;62]",Component of the super-kdr combination -- see N1570Y row above.
VGSC,A1746S,,AgamP4_2L,2430424,G>T,A1751S,Pyrethroid (likely, not explicit in source),pyrethroid,target_site,"User-supplied genomic table",CONFIRMED genomic position. New marker not in earlier search-derived version.
Rdl,A296G,,AgamP4_2L,25429236,C>G,A282G,Organochlorines,dieldrin (largely discontinued insecticide class),target_site,"User-supplied genomic table; refs [48]","CONFIRMED -- this RESOLVES the earlier conflict between two sources (one claimed wild-type=Ala, another claimed wild-type=Cys). The genomic table confirms wild-type=Ala (A296G), matching the FIRST search-derived source. Use A296G, not the 296C-wildtype version."
Rdl,A296S,,AgamP4_2L,25429236,C>A/T,A282S,Organochlorines,dieldrin,target_site,"Position from genomic table; specific alt allele for the S substitution not given in source (only G substitution's C>G shown) -- INFERRED alt nucleotide, verify against your own VCF.","Alternative allele at the same codon as A296G above."
Ace1,G280S,,AgamP4_2R,3492074,G>A,G119S,Carbamates; Organophosphates,"bendiocarb; propoxur; malathion; pirimiphos-methyl",target_site,"User-supplied genomic table; refs [38,64,65,66,70,115]","CONFIRMED, and definitively resolves the earlier numbering question -- G280S (native AGAP001356 numbering) and G119S (Torpedo/Musca convention used in much literature) are explicitly cross-referenced as the same mutation in this source. Use G280S if your annotation uses native AGAP numbering; do not add a separate G119S row for the same variant, that would double-count one mutation."
GSTe2,I114T,,AgamP4_3R,28598166,T>C,L114,DDT,DDT,metabolic,"User-supplied genomic table; refs [24,69]","CONFIRMED and consistent across all three sources used to build this table -- no conflict on this one."
GSTe2,F120L,,AgamP4_3R,28598057,C>G/A,Y120,DDT (likely, not explicit in source),metabolic,metabolic,"User-supplied genomic table","CONFIRMED genomic position. New marker not in earlier versions. Musca-equivalent column shows reference residue at the homologous position (Y120), not a parallel Musca mutation."
GSTe2,T154S,,AgamP4_3R,28597956,C>G,E154,DDT (likely, not explicit in source),metabolic,metabolic,"User-supplied genomic table","CONFIRMED genomic position. New marker not in earlier versions."
GSTe2,L119V,,AgamP4_3R,28598062,C>G,L119,Permethrin,permethrin,metabolic,"User-supplied genomic table; refs [24]","CONFIRMED genomic position for L119V specifically. NOTE: this is a DIFFERENT mutant residue than the PNAS-functional-validation-derived L119F marker (see next row) -- a single C>G at this nt cannot produce both V and F from the same wild-type codon, so these are genuinely two different alleles/markers, not the same one reported two ways. Keep both as separate rows."
GSTe2,L119F,,n/a,n/a,n/a,L119 (per genomic table, but L119F itself not in that table),DDT; permethrin,DDT; permethrin,metabolic,"Wondji-group functional GAL4/UAS validation (PNAS)","NOT confirmed via the genomic nt table (which only documents L119V at this codon) -- functionally validated separately via transgenic overexpression in the PNAS study, but exact nt change for the F substitution is unconfirmed here. Treat as a real but coordinate-unconfirmed marker, distinct from L119V above."
GSTe2,V131L,,AgamP4_3R,28598026,G>C,I131,Permethrin (likely, not explicit in source),metabolic,metabolic,"User-supplied genomic table","CONFIRMED genomic position. New marker not in earlier versions."
GSTe2,D148E,,AgamP4_3R,28597973,C>A,H148,DDT,DDT (Guinea-reported),metabolic,"User-supplied genomic table; High-throughput barcoding study (Sci Rep 2022)","CONFIRMED -- consistent with the earlier barcoding-study-derived version, no conflict."
Cyp4j5,43F,,VERIFY,VERIFY,VERIFY,n/a,Permethrin; Deltamethrin,pyrethroid,metabolic,"refs [38,67] (earlier user-supplied table)","NOT in this genomic coordinate table -- still unconfirmed. AGAP ID also not confirmed."
Coeae1d,C,,VERIFY,VERIFY,VERIFY,n/a,Permethrin,permethrin,metabolic,"refs [67] (earlier user-supplied table)","NOT in this genomic coordinate table -- still unconfirmed, and the aa_change encoding itself remains ambiguous (no codon number given in the original source). Do not rely on this row as-is."
Cyp6p4,236M,,VERIFY,VERIFY,VERIFY,n/a,Permethrin (likely),permethrin,metabolic_structural,"earlier user-supplied table (row truncated)","OUT OF SCOPE for SNP matching -- structural marker (TE insertion + Cyp6aap duplication), not a point substitution. Not in this genomic coordinate table either."
